"","Abg_C_Mg_yr","Year","quadrat","Flux"
"1",2.56239973203694,2013,NA,"AWP"
"2",0,2018,"  NA","AWP"
"3",3.75015771767942,2018,"0101","AWP"
"4",1.61811182176243,2018,"0102","AWP"
"5",3.4268902551206,2018,"0103","AWP"
"6",3.95787071637901,2018,"0104","AWP"
"7",0.575857550801532,2018,"0105","AWP"
"8",2.06270898020092,2018,"0106","AWP"
"9",1.84646722777131,2018,"0107","AWP"
"10",2.37530555789517,2018,"0108","AWP"
"11",4.34109100541793,2018,"0109","AWP"
"12",0.85120069117835,2018,"0110","AWP"
"13",3.96488229308548,2018,"0111","AWP"
"14",1.85412391627899,2018,"0112","AWP"
"15",3.63415847063211,2018,"0113","AWP"
"16",3.63707448993461,2018,"0114","AWP"
"17",-0.0235618489908203,2018,"0115","AWP"
"18",2.57481090906549,2018,"0116","AWP"
"19",3.35137874466974,2018,"0117","AWP"
"20",0.770769702387715,2018,"0118","AWP"
"21",3.69709439534918,2018,"0119","AWP"
"22",3.18517268755477,2018,"0120","AWP"
"23",0.996577134095822,2018,"0121","AWP"
"24",2.01820702616966,2018,"0122","AWP"
"25",2.09393277457975,2018,"0123","AWP"
"26",1.04014479740427,2018,"0124","AWP"
"27",2.06097849863538,2018,"0125","AWP"
"28",2.03276410772471,2018,"0126","AWP"
"29",1.61424908467622,2018,"0127","AWP"
"30",1.97484565789201,2018,"0128","AWP"
"31",2.8983294316932,2018,"0129","AWP"
"32",3.04613341815029,2018,"0130","AWP"
"33",3.00176587728946,2018,"0131","AWP"
"34",2.45988563070779,2018,"0132","AWP"
"35",1.45117292379714,2018,"0201","AWP"
"36",0.877976753654361,2018,"0202","AWP"
"37",0.177550665796847,2018,"0203","AWP"
"38",2.43136793090407,2018,"0204","AWP"
"39",1.94622275957877,2018,"0205","AWP"
"40",2.16408132826132,2018,"0206","AWP"
"41",0.707209556479856,2018,"0207","AWP"
"42",4.57169169822731,2018,"0208","AWP"
"43",2.6838645116208,2018,"0209","AWP"
"44",1.30586779931277,2018,"0210","AWP"
"45",3.0948982011965,2018,"0211","AWP"
"46",3.0455772445497,2018,"0212","AWP"
"47",2.12588321945983,2018,"0213","AWP"
"48",1.46364642562749,2018,"0214","AWP"
"49",5.48318536318616,2018,"0215","AWP"
"50",1.03584558128798,2018,"0216","AWP"
"51",5.56326876924153,2018,"0217","AWP"
"52",2.00313105449022,2018,"0218","AWP"
"53",2.61282546315784,2018,"0219","AWP"
"54",1.31251758896232,2018,"0220","AWP"
"55",2.89743811543182,2018,"0221","AWP"
"56",1.84079659425875,2018,"0222","AWP"
"57",1.0098997746062,2018,"0223","AWP"
"58",2.4972046546508,2018,"0224","AWP"
"59",1.66506508581336,2018,"0225","AWP"
"60",2.57401705710814,2018,"0226","AWP"
"61",2.72572966443463,2018,"0227","AWP"
"62",3.81177508653631,2018,"0228","AWP"
"63",3.18581297061841,2018,"0229","AWP"
"64",4.08885159353055,2018,"0230","AWP"
"65",3.14437598964258,2018,"0231","AWP"
"66",4.13121624383036,2018,"0232","AWP"
"67",0.785401181906908,2018,"0301","AWP"
"68",2.86572835356497,2018,"0302","AWP"
"69",1.35770435967582,2018,"0303","AWP"
"70",2.91002442720487,2018,"0304","AWP"
"71",2.07030683089956,2018,"0305","AWP"
"72",4.63885041568703,2018,"0306","AWP"
"73",2.89662837231186,2018,"0307","AWP"
"74",2.01503499644511,2018,"0308","AWP"
"75",2.04969612278345,2018,"0309","AWP"
"76",1.49885800786637,2018,"0310","AWP"
"77",1.20531983508755,2018,"0311","AWP"
"78",1.29436666457073,2018,"0312","AWP"
"79",4.08717729816011,2018,"0313","AWP"
"80",2.40726326518183,2018,"0314","AWP"
"81",4.38170544181327,2018,"0315","AWP"
"82",3.19307105229143,2018,"0316","AWP"
"83",1.48151526406175,2018,"0317","AWP"
"84",1.10506528327744,2018,"0318","AWP"
"85",0.433915686455561,2018,"0319","AWP"
"86",1.23893933409523,2018,"0320","AWP"
"87",1.60400883067316,2018,"0321","AWP"
"88",2.26922794345238,2018,"0322","AWP"
"89",2.1879581187939,2018,"0323","AWP"
"90",2.82517318127186,2018,"0324","AWP"
"91",1.45108684627118,2018,"0325","AWP"
"92",1.12898606006751,2018,"0326","AWP"
"93",4.13913022903486,2018,"0327","AWP"
"94",2.97827073248556,2018,"0328","AWP"
"95",2.88414512910619,2018,"0329","AWP"
"96",2.26712887384505,2018,"0330","AWP"
"97",2.356304957311,2018,"0331","AWP"
"98",3.6745096762281,2018,"0332","AWP"
"99",2.17152041926504,2018,"0401","AWP"
"100",2.75464200559653,2018,"0402","AWP"
"101",2.87156818110869,2018,"0403","AWP"
"102",1.52933991120714,2018,"0404","AWP"
"103",3.27546686104533,2018,"0405","AWP"
"104",2.4486886683579,2018,"0406","AWP"
"105",1.64445275433961,2018,"0407","AWP"
"106",2.77107884212898,2018,"0408","AWP"
"107",2.39819966895081,2018,"0409","AWP"
"108",3.13203818073567,2018,"0410","AWP"
"109",0.955580563238766,2018,"0411","AWP"
"110",0.84048201456777,2018,"0412","AWP"
"111",2.37347595025649,2018,"0413","AWP"
"112",0.91566884303964,2018,"0414","AWP"
"113",3.17229786499854,2018,"0415","AWP"
"114",1.1017116706782,2018,"0416","AWP"
"115",2.69611403499018,2018,"0417","AWP"
"116",1.74859597841593,2018,"0418","AWP"
"117",1.03654615478161,2018,"0419","AWP"
"118",2.89968227645578,2018,"0420","AWP"
"119",2.45566891162123,2018,"0421","AWP"
"120",2.87559444573929,2018,"0422","AWP"
"121",1.19712936538247,2018,"0423","AWP"
"122",1.24923479414146,2018,"0424","AWP"
"123",4.61632068136235,2018,"0425","AWP"
"124",2.4509919156637,2018,"0426","AWP"
"125",1.64664450935948,2018,"0427","AWP"
"126",4.72266437023122,2018,"0428","AWP"
"127",2.65985833438998,2018,"0429","AWP"
"128",1.88013828625761,2018,"0430","AWP"
"129",2.74547431107433,2018,"0431","AWP"
"130",2.07385135767774,2018,"0432","AWP"
"131",1.75318893996984,2018,"0501","AWP"
"132",1.602766625475,2018,"0502","AWP"
"133",1.30899268040689,2018,"0503","AWP"
"134",3.26179935107301,2018,"0504","AWP"
"135",2.73258040318721,2018,"0505","AWP"
"136",3.06006359028999,2018,"0506","AWP"
"137",3.02983626031768,2018,"0507","AWP"
"138",1.29283245537747,2018,"0508","AWP"
"139",1.76337990324346,2018,"0509","AWP"
"140",2.53852904288392,2018,"0510","AWP"
"141",1.44940134528681,2018,"0511","AWP"
"142",2.04468621472632,2018,"0512","AWP"
"143",3.07200034905625,2018,"0513","AWP"
"144",2.26281529668604,2018,"0514","AWP"
"145",0.81295531928057,2018,"0515","AWP"
"146",0.646260865976245,2018,"0516","AWP"
"147",1.91824242580985,2018,"0517","AWP"
"148",2.80543775275177,2018,"0518","AWP"
"149",1.7998296858424,2018,"0519","AWP"
"150",0.963522896238413,2018,"0520","AWP"
"151",2.9926434131311,2018,"0521","AWP"
"152",2.55017911015926,2018,"0522","AWP"
"153",1.53752261748718,2018,"0523","AWP"
"154",1.29475893020828,2018,"0524","AWP"
"155",0.758042889828516,2018,"0525","AWP"
"156",2.69405259971749,2018,"0526","AWP"
"157",0.712183180788443,2018,"0527","AWP"
"158",1.30012315135906,2018,"0528","AWP"
"159",2.03133662591975,2018,"0529","AWP"
"160",2.44713977863494,2018,"0530","AWP"
"161",3.89858051029071,2018,"0531","AWP"
"162",2.3050235067757,2018,"0532","AWP"
"163",1.59621191895057,2018,"0601","AWP"
"164",1.10532718444263,2018,"0602","AWP"
"165",0.811153041106275,2018,"0603","AWP"
"166",0.5649374475387,2018,"0604","AWP"
"167",1.65906934805192,2018,"0605","AWP"
"168",2.61772284581207,2018,"0606","AWP"
"169",2.34420458030157,2018,"0607","AWP"
"170",1.46118274234656,2018,"0608","AWP"
"171",1.14097326280147,2018,"0609","AWP"
"172",1.51939252686416,2018,"0610","AWP"
"173",2.37298093261098,2018,"0611","AWP"
"174",1.60366614654098,2018,"0612","AWP"
"175",3.68945107633586,2018,"0613","AWP"
"176",1.84622727574226,2018,"0614","AWP"
"177",3.09300026969018,2018,"0615","AWP"
"178",1.52268159541097,2018,"0616","AWP"
"179",3.39983493345803,2018,"0617","AWP"
"180",1.03731091122955,2018,"0618","AWP"
"181",1.20118420658922,2018,"0619","AWP"
"182",1.94204248944459,2018,"0620","AWP"
"183",1.8901495927062,2018,"0621","AWP"
"184",1.16788537617969,2018,"0622","AWP"
"185",1.51500556471003,2018,"0623","AWP"
"186",3.35276277409504,2018,"0624","AWP"
"187",3.138008259936,2018,"0625","AWP"
"188",0.608704095420872,2018,"0626","AWP"
"189",4.4879269446434,2018,"0627","AWP"
"190",1.66171189692226,2018,"0628","AWP"
"191",3.31458591942611,2018,"0629","AWP"
"192",1.71973986529053,2018,"0630","AWP"
"193",1.37857764424122,2018,"0631","AWP"
"194",3.71362184676722,2018,"0632","AWP"
"195",3.9425976659565,2018,"0701","AWP"
"196",2.37373324264945,2018,"0702","AWP"
"197",1.68627056818396,2018,"0703","AWP"
"198",2.22885546533228,2018,"0704","AWP"
"199",2.70718433227015,2018,"0705","AWP"
"200",1.86301967330231,2018,"0706","AWP"
"201",2.35099864961486,2018,"0707","AWP"
"202",1.77661851666913,2018,"0708","AWP"
"203",3.2637817628983,2018,"0709","AWP"
"204",1.08707187785305,2018,"0710","AWP"
"205",2.78941332109975,2018,"0711","AWP"
"206",3.03069285160256,2018,"0712","AWP"
"207",3.13014800959984,2018,"0713","AWP"
"208",2.56963450405299,2018,"0714","AWP"
"209",2.66592442536147,2018,"0715","AWP"
"210",3.11879179232847,2018,"0716","AWP"
"211",2.02154483199103,2018,"0717","AWP"
"212",3.44465238446304,2018,"0718","AWP"
"213",3.65749140339804,2018,"0719","AWP"
"214",3.07489384131377,2018,"0720","AWP"
"215",1.86471296149455,2018,"0721","AWP"
"216",3.97585513050202,2018,"0722","AWP"
"217",0.815206567829103,2018,"0723","AWP"
"218",1.05255643486709,2018,"0724","AWP"
"219",1.61458119815161,2018,"0725","AWP"
"220",1.60757847258911,2018,"0726","AWP"
"221",2.38898017347837,2018,"0727","AWP"
"222",3.46214302417811,2018,"0728","AWP"
"223",3.5500877588844,2018,"0729","AWP"
"224",2.47963932585997,2018,"0730","AWP"
"225",0.253890898239661,2018,"0731","AWP"
"226",1.68530423327819,2018,"0732","AWP"
"227",1.24334100304353,2018,"0801","AWP"
"228",4.48745099700748,2018,"0802","AWP"
"229",1.3307538982111,2018,"0803","AWP"
"230",2.65592225263007,2018,"0804","AWP"
"231",3.05316909993782,2018,"0805","AWP"
"232",1.68643837695907,2018,"0806","AWP"
"233",2.23858359732754,2018,"0807","AWP"
"234",2.03323104571119,2018,"0808","AWP"
"235",7.57936428763697,2018,"0809","AWP"
"236",2.09688198617261,2018,"0810","AWP"
"237",3.59439716016094,2018,"0811","AWP"
"238",1.09635505509947,2018,"0812","AWP"
"239",2.53683499478654,2018,"0813","AWP"
"240",1.12407984851766,2018,"0814","AWP"
"241",3.30052997863335,2018,"0815","AWP"
"242",1.9903238487114,2018,"0816","AWP"
"243",1.41658104756817,2018,"0817","AWP"
"244",1.64973543808276,2018,"0818","AWP"
"245",1.49671533603611,2018,"0819","AWP"
"246",3.53794529261428,2018,"0820","AWP"
"247",1.06534077520443,2018,"0821","AWP"
"248",2.12248441622186,2018,"0822","AWP"
"249",0.77659339009226,2018,"0823","AWP"
"250",1.44778135446476,2018,"0824","AWP"
"251",3.49972118771082,2018,"0825","AWP"
"252",2.3525909031254,2018,"0826","AWP"
"253",2.48400189839106,2018,"0827","AWP"
"254",2.55143516647579,2018,"0828","AWP"
"255",1.26505060141311,2018,"0829","AWP"
"256",1.75749728169871,2018,"0830","AWP"
"257",2.64322572153811,2018,"0831","AWP"
"258",2.12654972266812,2018,"0832","AWP"
"259",4.99860608434525,2018,"0901","AWP"
"260",2.6080911560711,2018,"0902","AWP"
"261",1.85054302265752,2018,"0903","AWP"
"262",3.91404131163781,2018,"0904","AWP"
"263",1.59557314221445,2018,"0905","AWP"
"264",4.34725186345398,2018,"0906","AWP"
"265",1.58892432884983,2018,"0907","AWP"
"266",2.55668692484931,2018,"0908","AWP"
"267",2.4959160497452,2018,"0909","AWP"
"268",3.06661866954902,2018,"0910","AWP"
"269",2.7195060156572,2018,"0911","AWP"
"270",1.28260901896652,2018,"0912","AWP"
"271",4.4886815861817,2018,"0913","AWP"
"272",2.7230791895561,2018,"0914","AWP"
"273",3.1312129160828,2018,"0915","AWP"
"274",1.4844970340923,2018,"0916","AWP"
"275",5.42708165402894,2018,"0917","AWP"
"276",2.19858428990418,2018,"0918","AWP"
"277",2.67590599356274,2018,"0919","AWP"
"278",0.733947467746422,2018,"0920","AWP"
"279",2.54406979008283,2018,"0921","AWP"
"280",1.57829926116648,2018,"0922","AWP"
"281",1.67293288035625,2018,"0923","AWP"
"282",2.01748943258423,2018,"0924","AWP"
"283",0.811887827496776,2018,"0925","AWP"
"284",1.86904243289908,2018,"0926","AWP"
"285",3.19957929723681,2018,"0927","AWP"
"286",2.00663243772165,2018,"0928","AWP"
"287",1.49409223277481,2018,"0929","AWP"
"288",1.58985258673885,2018,"0930","AWP"
"289",2.12750565120316,2018,"0931","AWP"
"290",0.985836621436134,2018,"0932","AWP"
"291",1.50984121882909,2018,"1001","AWP"
"292",1.14792336643535,2018,"1002","AWP"
"293",2.52941150133447,2018,"1003","AWP"
"294",3.57713464249254,2018,"1004","AWP"
"295",2.73869596897323,2018,"1005","AWP"
"296",0.952370289103206,2018,"1006","AWP"
"297",2.57696979876956,2018,"1007","AWP"
"298",2.91978525367337,2018,"1008","AWP"
"299",3.06174662584506,2018,"1009","AWP"
"300",1.97250364758608,2018,"1010","AWP"
"301",2.7784270133772,2018,"1011","AWP"
"302",4.15790478983088,2018,"1012","AWP"
"303",2.91919456557389,2018,"1013","AWP"
"304",1.73780944799803,2018,"1014","AWP"
"305",1.01857243497918,2018,"1015","AWP"
"306",1.16904839518236,2018,"1016","AWP"
"307",1.22717452291855,2018,"1017","AWP"
"308",0.969738594180595,2018,"1018","AWP"
"309",2.19599201771922,2018,"1019","AWP"
"310",1.72055098778685,2018,"1020","AWP"
"311",1.21612462846047,2018,"1021","AWP"
"312",1.15420807401175,2018,"1022","AWP"
"313",0.825114704338355,2018,"1023","AWP"
"314",2.93895874006093,2018,"1024","AWP"
"315",1.45617668699067,2018,"1025","AWP"
"316",0.746477318748676,2018,"1026","AWP"
"317",3.51010935160496,2018,"1027","AWP"
"318",2.56344136760784,2018,"1028","AWP"
"319",2.23851884158125,2018,"1029","AWP"
"320",-0.318449508528001,2018,"1030","AWP"
"321",1.25326661182903,2018,"1031","AWP"
"322",3.00455883911017,2018,"1032","AWP"
"323",2.45388891148444,2018,"1101","AWP"
"324",1.48692893442003,2018,"1102","AWP"
"325",0.458154335866776,2018,"1103","AWP"
"326",2.87656724012398,2018,"1104","AWP"
"327",3.23814619533362,2018,"1105","AWP"
"328",3.38839310045688,2018,"1106","AWP"
"329",2.9263268012681,2018,"1107","AWP"
"330",3.67848968445297,2018,"1108","AWP"
"331",2.72374096288322,2018,"1109","AWP"
"332",2.94844154649531,2018,"1110","AWP"
"333",2.31532648230057,2018,"1111","AWP"
"334",3.80951035505801,2018,"1112","AWP"
"335",2.18433372841129,2018,"1113","AWP"
"336",2.21384432301429,2018,"1114","AWP"
"337",1.4156645898608,2018,"1115","AWP"
"338",0.699465415000343,2018,"1116","AWP"
"339",1.9124188558142,2018,"1117","AWP"
"340",1.28534562081409,2018,"1118","AWP"
"341",1.48281030604707,2018,"1119","AWP"
"342",2.28472545914402,2018,"1120","AWP"
"343",2.35851929284393,2018,"1121","AWP"
"344",1.84757466643166,2018,"1122","AWP"
"345",1.16247705427521,2018,"1123","AWP"
"346",1.28763048712432,2018,"1124","AWP"
"347",2.78270697268365,2018,"1125","AWP"
"348",1.29518246851509,2018,"1126","AWP"
"349",0.723101244952196,2018,"1127","AWP"
"350",1.85647128102143,2018,"1128","AWP"
"351",1.08811273722567,2018,"1129","AWP"
"352",2.20289220451436,2018,"1130","AWP"
"353",0.631497620363546,2018,"1131","AWP"
"354",0.778963601960211,2018,"1132","AWP"
"355",2.07701702248593,2018,"1201","AWP"
"356",2.5186712219095,2018,"1202","AWP"
"357",0.745722966172398,2018,"1203","AWP"
"358",3.34424528368633,2018,"1204","AWP"
"359",2.63783759599843,2018,"1205","AWP"
"360",2.54688456117458,2018,"1206","AWP"
"361",2.62370053971426,2018,"1207","AWP"
"362",1.65778087415046,2018,"1208","AWP"
"363",4.21880571186204,2018,"1209","AWP"
"364",2.93905046221426,2018,"1210","AWP"
"365",2.93906064470335,2018,"1211","AWP"
"366",1.7727419970883,2018,"1212","AWP"
"367",4.90302212635779,2018,"1213","AWP"
"368",0.827074379846317,2018,"1214","AWP"
"369",1.6020652200503,2018,"1215","AWP"
"370",1.92594755045294,2018,"1216","AWP"
"371",0.828607675626581,2018,"1217","AWP"
"372",2.22903811729428,2018,"1218","AWP"
"373",1.96413161616212,2018,"1219","AWP"
"374",4.50586140510683,2018,"1220","AWP"
"375",2.21698708655599,2018,"1221","AWP"
"376",3.23763460257842,2018,"1222","AWP"
"377",2.05903715586845,2018,"1223","AWP"
"378",2.73644349489253,2018,"1224","AWP"
"379",1.04577518395381,2018,"1225","AWP"
"380",1.15417003621038,2018,"1226","AWP"
"381",1.51121150820794,2018,"1227","AWP"
"382",3.04978878551844,2018,"1228","AWP"
"383",1.78371054196606,2018,"1229","AWP"
"384",2.17868536019118,2018,"1230","AWP"
"385",1.45711260394328,2018,"1231","AWP"
"386",1.97084883060108,2018,"1232","AWP"
"387",0.672838456648608,2018,"1301","AWP"
"388",3.1432013267165,2018,"1302","AWP"
"389",2.77339215522737,2018,"1303","AWP"
"390",1.78517746408355,2018,"1304","AWP"
"391",2.00043640775266,2018,"1305","AWP"
"392",2.12075558543986,2018,"1306","AWP"
"393",1.27705481169605,2018,"1307","AWP"
"394",2.39774582031438,2018,"1308","AWP"
"395",5.1943950063941,2018,"1309","AWP"
"396",2.34454393430001,2018,"1310","AWP"
"397",2.37816992156721,2018,"1311","AWP"
"398",3.04864214135845,2018,"1312","AWP"
"399",3.24374487615946,2018,"1313","AWP"
"400",2.09650877473431,2018,"1314","AWP"
"401",2.69399589326723,2018,"1315","AWP"
"402",2.55351362087422,2018,"1316","AWP"
"403",1.49462134986909,2018,"1317","AWP"
"404",2.48346053981511,2018,"1318","AWP"
"405",2.46568067392055,2018,"1319","AWP"
"406",1.97331346352246,2018,"1320","AWP"
"407",2.74476637377963,2018,"1321","AWP"
"408",1.95258986329668,2018,"1322","AWP"
"409",2.11912878527025,2018,"1323","AWP"
"410",1.42025825269133,2018,"1324","AWP"
"411",2.80140926090483,2018,"1325","AWP"
"412",2.05458131072111,2018,"1326","AWP"
"413",2.1843550879501,2018,"1327","AWP"
"414",2.01009153217929,2018,"1328","AWP"
"415",3.86682059669372,2018,"1329","AWP"
"416",3.22594099055671,2018,"1330","AWP"
"417",2.14845033388872,2018,"1331","AWP"
"418",1.54945521040733,2018,"1332","AWP"
"419",3.319193222888,2018,"1401","AWP"
"420",0.570598020344735,2018,"1402","AWP"
"421",2.97150088861199,2018,"1403","AWP"
"422",1.89995175079025,2018,"1404","AWP"
"423",3.65096689986493,2018,"1405","AWP"
"424",1.4419687750002,2018,"1406","AWP"
"425",1.96424982193195,2018,"1407","AWP"
"426",2.19289087686848,2018,"1408","AWP"
"427",1.11936645778446,2018,"1409","AWP"
"428",3.88328024027532,2018,"1410","AWP"
"429",3.20263203897428,2018,"1411","AWP"
"430",2.31990208706603,2018,"1412","AWP"
"431",2.28649594456686,2018,"1413","AWP"
"432",1.95051842329914,2018,"1414","AWP"
"433",0.430930483756839,2018,"1415","AWP"
"434",1.25219464457336,2018,"1416","AWP"
"435",1.34907739702256,2018,"1417","AWP"
"436",1.05656208492802,2018,"1418","AWP"
"437",1.71620586956507,2018,"1419","AWP"
"438",1.40448468173995,2018,"1420","AWP"
"439",1.78415966697424,2018,"1421","AWP"
"440",1.11344616099916,2018,"1422","AWP"
"441",0.572000015694014,2018,"1423","AWP"
"442",0.528832623226072,2018,"1424","AWP"
"443",1.68709284889145,2018,"1425","AWP"
"444",0.743884931391886,2018,"1426","AWP"
"445",2.14927153512059,2018,"1427","AWP"
"446",1.8172479266903,2018,"1428","AWP"
"447",1.92968391124947,2018,"1429","AWP"
"448",1.83610475040479,2018,"1430","AWP"
"449",2.75680042539869,2018,"1431","AWP"
"450",3.36731379120233,2018,"1432","AWP"
"451",3.5687822753264,2018,"1501","AWP"
"452",2.77688420136963,2018,"1502","AWP"
"453",2.10462776486423,2018,"1503","AWP"
"454",3.16518601281011,2018,"1504","AWP"
"455",2.55782758010072,2018,"1505","AWP"
"456",1.74723986214282,2018,"1506","AWP"
"457",3.23776099943441,2018,"1507","AWP"
"458",2.64180833810649,2018,"1508","AWP"
"459",2.33164017136157,2018,"1509","AWP"
"460",2.68176985185207,2018,"1510","AWP"
"461",2.27444209689547,2018,"1511","AWP"
"462",3.72706649221908,2018,"1512","AWP"
"463",2.49625152326504,2018,"1513","AWP"
"464",2.46480415669165,2018,"1514","AWP"
"465",1.37435827710758,2018,"1515","AWP"
"466",1.64484418977724,2018,"1516","AWP"
"467",2.44150453716094,2018,"1517","AWP"
"468",3.16661188431929,2018,"1518","AWP"
"469",2.17319141366964,2018,"1519","AWP"
"470",3.67883957018898,2018,"1520","AWP"
"471",5.07631275236691,2018,"1521","AWP"
"472",2.0942590325614,2018,"1522","AWP"
"473",2.27424247348856,2018,"1523","AWP"
"474",2.90511718854524,2018,"1524","AWP"
"475",2.39293839080365,2018,"1525","AWP"
"476",1.37496357080206,2018,"1526","AWP"
"477",2.42859800038391,2018,"1527","AWP"
"478",0.58899426641381,2018,"1528","AWP"
"479",1.55209682811228,2018,"1529","AWP"
"480",2.59952876532271,2018,"1530","AWP"
"481",1.26798520521509,2018,"1531","AWP"
"482",1.23962402203433,2018,"1532","AWP"
"483",0.490315041195633,2018,"1601","AWP"
"484",2.06959618321501,2018,"1602","AWP"
"485",1.87908649207446,2018,"1603","AWP"
"486",2.05743612307907,2018,"1604","AWP"
"487",2.26349474157567,2018,"1605","AWP"
"488",1.29390428185927,2018,"1606","AWP"
"489",4.33068634626847,2018,"1607","AWP"
"490",2.92799223060942,2018,"1608","AWP"
"491",6.47185767112882,2018,"1609","AWP"
"492",4.43269910688385,2018,"1610","AWP"
"493",2.62557926092133,2018,"1611","AWP"
"494",3.45267016687111,2018,"1612","AWP"
"495",2.3782237521249,2018,"1613","AWP"
"496",1.58795283046346,2018,"1614","AWP"
"497",1.00754825529991,2018,"1615","AWP"
"498",3.82792637017578,2018,"1616","AWP"
"499",1.54309141961436,2018,"1617","AWP"
"500",3.03792767428806,2018,"1618","AWP"
"501",2.28108959846352,2018,"1619","AWP"
"502",1.57257152086671,2018,"1620","AWP"
"503",3.50852815399908,2018,"1621","AWP"
"504",2.33587617740348,2018,"1622","AWP"
"505",3.74601927061528,2018,"1623","AWP"
"506",1.86654532024295,2018,"1624","AWP"
"507",1.99169095829173,2018,"1625","AWP"
"508",2.25717241598582,2018,"1626","AWP"
"509",3.60842712254781,2018,"1627","AWP"
"510",1.10160874161878,2018,"1628","AWP"
"511",3.31016129370688,2018,"1629","AWP"
"512",2.2802115027989,2018,"1630","AWP"
"513",1.11007324553323,2018,"1631","AWP"
"514",2.24151142504079,2018,"1632","AWP"
"515",1.20183157458489,2018,"1701","AWP"
"516",2.51690132828519,2018,"1702","AWP"
"517",2.46556990098044,2018,"1703","AWP"
"518",1.95689817091149,2018,"1704","AWP"
"519",1.57438807184959,2018,"1705","AWP"
"520",3.02229494828546,2018,"1706","AWP"
"521",2.15511667761748,2018,"1707","AWP"
"522",3.40612937960058,2018,"1708","AWP"
"523",2.48896789472187,2018,"1709","AWP"
"524",3.39551460906763,2018,"1710","AWP"
"525",3.67574052179431,2018,"1711","AWP"
"526",3.20729379731105,2018,"1712","AWP"
"527",0.42300254484352,2018,"1713","AWP"
"528",1.62690360385659,2018,"1714","AWP"
"529",2.15925398488856,2018,"1715","AWP"
"530",2.17759606473432,2018,"1716","AWP"
"531",1.72986187491244,2018,"1717","AWP"
"532",1.28609679909069,2018,"1718","AWP"
"533",2.32516975495834,2018,"1719","AWP"
"534",1.79682690683267,2018,"1720","AWP"
"535",1.79614325488244,2018,"1721","AWP"
"536",1.00476135180112,2018,"1722","AWP"
"537",1.90637986061641,2018,"1723","AWP"
"538",4.21256306016601,2018,"1724","AWP"
"539",1.66418025814647,2018,"1725","AWP"
"540",2.50109639983587,2018,"1726","AWP"
"541",1.53965380121865,2018,"1727","AWP"
"542",2.79533904948551,2018,"1728","AWP"
"543",1.97047489401517,2018,"1729","AWP"
"544",1.88911859832547,2018,"1730","AWP"
"545",2.97179021554534,2018,"1731","AWP"
"546",1.02474239155002,2018,"1732","AWP"
"547",2.04690403568893,2018,"1801","AWP"
"548",2.5297422199191,2018,"1802","AWP"
"549",2.15011752950062,2018,"1803","AWP"
"550",2.06650543136502,2018,"1804","AWP"
"551",1.24193281464058,2018,"1805","AWP"
"552",3.07738138812741,2018,"1806","AWP"
"553",2.58229112209384,2018,"1807","AWP"
"554",1.89710970867283,2018,"1808","AWP"
"555",4.2447019025526,2018,"1809","AWP"
"556",0.354961655212799,2018,"1810","AWP"
"557",8.5130185758496,2018,"1811","AWP"
"558",1.28454974174943,2018,"1812","AWP"
"559",2.56094181435827,2018,"1813","AWP"
"560",2.56266468204117,2018,"1814","AWP"
"561",0.714807499911931,2018,"1815","AWP"
"562",2.05233187580011,2018,"1816","AWP"
"563",1.87979230811196,2018,"1817","AWP"
"564",2.91597919110999,2018,"1818","AWP"
"565",3.39031336135031,2018,"1819","AWP"
"566",1.73482351070665,2018,"1820","AWP"
"567",3.02256289927897,2018,"1821","AWP"
"568",1.93850928671908,2018,"1822","AWP"
"569",3.18146895346876,2018,"1823","AWP"
"570",2.04404235447098,2018,"1824","AWP"
"571",1.87094401444909,2018,"1825","AWP"
"572",3.34202424501994,2018,"1826","AWP"
"573",3.99977770878416,2018,"1827","AWP"
"574",0.79319824994922,2018,"1828","AWP"
"575",1.74575320962743,2018,"1829","AWP"
"576",3.08274851894714,2018,"1830","AWP"
"577",1.53866860946178,2018,"1831","AWP"
"578",1.79852167056584,2018,"1832","AWP"
"579",0.62083233735147,2018,"1901","AWP"
"580",2.91456389671317,2018,"1902","AWP"
"581",0.809357961716537,2018,"1903","AWP"
"582",3.00606489282627,2018,"1904","AWP"
"583",0.635811082744206,2018,"1905","AWP"
"584",3.2799596893091,2018,"1906","AWP"
"585",3.00613785090381,2018,"1907","AWP"
"586",3.34308463723942,2018,"1908","AWP"
"587",1.66362194412424,2018,"1909","AWP"
"588",3.5809890675963,2018,"1910","AWP"
"589",0.948115172935761,2018,"1911","AWP"
"590",2.47400293860761,2018,"1912","AWP"
"591",1.30314429452029,2018,"1913","AWP"
"592",2.24508867398338,2018,"1914","AWP"
"593",3.24769048984951,2018,"1915","AWP"
"594",2.62896051701634,2018,"1916","AWP"
"595",2.95903356109111,2018,"1917","AWP"
"596",2.20619675443468,2018,"1918","AWP"
"597",2.66608160086521,2018,"1919","AWP"
"598",2.28242625755477,2018,"1920","AWP"
"599",3.2717450150185,2018,"1921","AWP"
"600",3.63046162965624,2018,"1922","AWP"
"601",1.90153688673946,2018,"1923","AWP"
"602",1.58675541119238,2018,"1924","AWP"
"603",2.33574820822756,2018,"1925","AWP"
"604",3.55010039168028,2018,"1926","AWP"
"605",0.910985001699686,2018,"1927","AWP"
"606",3.92533389001608,2018,"1928","AWP"
"607",3.11132236176878,2018,"1929","AWP"
"608",2.40452207253891,2018,"1930","AWP"
"609",1.82553401203459,2018,"1931","AWP"
"610",2.35394020015764,2018,"1932","AWP"
"611",3.34540825158117,2018,"2001","AWP"
"612",2.38754592502282,2018,"2002","AWP"
"613",2.12633112069538,2018,"2003","AWP"
"614",2.4668266173407,2018,"2004","AWP"
"615",3.14967623238371,2018,"2005","AWP"
"616",2.17999856772628,2018,"2006","AWP"
"617",1.40854243205779,2018,"2007","AWP"
"618",3.00840084182566,2018,"2008","AWP"
"619",1.34838567957247,2018,"2009","AWP"
"620",3.01673351015201,2018,"2010","AWP"
"621",1.94975152399322,2018,"2011","AWP"
"622",1.88903636181678,2018,"2012","AWP"
"623",2.72925582789031,2018,"2013","AWP"
"624",3.46643870114155,2018,"2014","AWP"
"625",2.33468825325605,2018,"2015","AWP"
"626",4.26005869541759,2018,"2016","AWP"
"627",2.67583351463622,2018,"2017","AWP"
"628",2.28064106960972,2018,"2018","AWP"
"629",1.60830753488718,2018,"2019","AWP"
"630",1.31830146289755,2018,"2020","AWP"
"631",3.56212034286999,2018,"2021","AWP"
"632",3.07568764609926,2018,"2022","AWP"
"633",2.77015431859083,2018,"2023","AWP"
"634",1.53464241080578,2018,"2024","AWP"
"635",2.86234875319513,2018,"2025","AWP"
"636",1.72402646282767,2018,"2026","AWP"
"637",0.813232252653605,2018,"2027","AWP"
"638",2.60972516030841,2018,"2028","AWP"
"639",3.15431143562925,2018,"2029","AWP"
"640",1.0029782557425,2018,"2030","AWP"
"641",1.25722291349496,2018,"2031","AWP"
"642",1.546297160178,2018,"2032","AWP"
"643",2.77066663916487,2023,"0101","AWP"
"644",1.50135796970193,2023,"0102","AWP"
"645",3.33218687888877,2023,"0103","AWP"
"646",0.792673926172374,2023,"0104","AWP"
"647",0.605620559289335,2023,"0105","AWP"
"648",1.67715277156093,2023,"0106","AWP"
"649",1.38387027053321,2023,"0107","AWP"
"650",2.01784583696757,2023,"0108","AWP"
"651",3.57412870569699,2023,"0109","AWP"
"652",0.486077101192478,2023,"0110","AWP"
"653",1.84238934962795,2023,"0111","AWP"
"654",0.576686420470287,2023,"0112","AWP"
"655",2.8841395501552,2023,"0113","AWP"
"656",2.13068296690363,2023,"0114","AWP"
"657",0.534524079186754,2023,"0115","AWP"
"658",1.28841886663816,2023,"0116","AWP"
"659",4.96497290416253,2023,"0117","AWP"
"660",0.570070997102032,2023,"0118","AWP"
"661",2.66392948805286,2023,"0119","AWP"
"662",2.03720079310966,2023,"0120","AWP"
"663",0.835041200556236,2023,"0121","AWP"
"664",1.82783606790609,2023,"0122","AWP"
"665",0.866421082643044,2023,"0123","AWP"
"666",0.631445020512798,2023,"0124","AWP"
"667",1.36924258175913,2023,"0125","AWP"
"668",1.52175216404794,2023,"0126","AWP"
"669",1.07222773259684,2023,"0127","AWP"
"670",0.972865143117362,2023,"0128","AWP"
"671",1.10276622142302,2023,"0129","AWP"
"672",2.19104613591748,2023,"0130","AWP"
"673",0.872957867008713,2023,"0131","AWP"
"674",1.56823999791481,2023,"0132","AWP"
"675",1.20397874885406,2023,"0201","AWP"
"676",0.898477521446016,2023,"0202","AWP"
"677",0.187776385711532,2023,"0203","AWP"
"678",1.76288627377334,2023,"0204","AWP"
"679",0.278759790945954,2023,"0205","AWP"
"680",2.13924779093399,2023,"0206","AWP"
"681",0.933096987817488,2023,"0207","AWP"
"682",3.69291265988768,2023,"0208","AWP"
"683",2.19560458772402,2023,"0209","AWP"
"684",1.10498242862331,2023,"0210","AWP"
"685",2.17850180096697,2023,"0211","AWP"
"686",2.21101357593063,2023,"0212","AWP"
"687",1.23040362498535,2023,"0213","AWP"
"688",0.693603632541684,2023,"0214","AWP"
"689",2.81817633806628,2023,"0215","AWP"
"690",0.822425173661972,2023,"0216","AWP"
"691",3.34278812184186,2023,"0217","AWP"
"692",1.98577177686306,2023,"0218","AWP"
"693",2.02518674538067,2023,"0219","AWP"
"694",1.7047487003555,2023,"0220","AWP"
"695",1.5992591457072,2023,"0221","AWP"
"696",1.12148868637828,2023,"0222","AWP"
"697",0.537245269719321,2023,"0223","AWP"
"698",1.33880012155994,2023,"0224","AWP"
"699",1.20872977803749,2023,"0225","AWP"
"700",2.31270378403674,2023,"0226","AWP"
"701",1.42797521449618,2023,"0227","AWP"
"702",0.830749820080916,2023,"0228","AWP"
"703",0.831411681308607,2023,"0229","AWP"
"704",2.0723340999757,2023,"0230","AWP"
"705",1.86182978432248,2023,"0231","AWP"
"706",1.23862644876649,2023,"0232","AWP"
"707",0.683433971273259,2023,"0301","AWP"
"708",1.71455790888846,2023,"0302","AWP"
"709",0.877286128470257,2023,"0303","AWP"
"710",2.11912984705188,2023,"0304","AWP"
"711",1.48324798376588,2023,"0305","AWP"
"712",3.7729679219904,2023,"0306","AWP"
"713",1.36601690265348,2023,"0307","AWP"
"714",1.80357839251763,2023,"0308","AWP"
"715",1.62191427871409,2023,"0309","AWP"
"716",1.21891643495904,2023,"0310","AWP"
"717",1.49945353782097,2023,"0311","AWP"
"718",0.500989710673891,2023,"0312","AWP"
"719",2.36994487559564,2023,"0313","AWP"
"720",1.98185629531191,2023,"0314","AWP"
"721",2.65034487427262,2023,"0315","AWP"
"722",2.22695311105057,2023,"0316","AWP"
"723",0.670126178455846,2023,"0317","AWP"
"724",1.26337848861211,2023,"0318","AWP"
"725",0.171945921575102,2023,"0319","AWP"
"726",0.680200569147269,2023,"0320","AWP"
"727",2.17839330673345,2023,"0321","AWP"
"728",1.57127264508381,2023,"0322","AWP"
"729",1.32880212395198,2023,"0323","AWP"
"730",1.79282591989239,2023,"0324","AWP"
"731",1.02674001078131,2023,"0325","AWP"
"732",1.22998476142466,2023,"0326","AWP"
"733",2.20863232221475,2023,"0327","AWP"
"734",2.04544409430734,2023,"0328","AWP"
"735",2.41380313292515,2023,"0329","AWP"
"736",1.73571104556374,2023,"0330","AWP"
"737",1.51558312597754,2023,"0331","AWP"
"738",1.33489420069927,2023,"0332","AWP"
"739",2.43933121157425,2023,"0401","AWP"
"740",2.64789117064625,2023,"0402","AWP"
"741",2.15112355234054,2023,"0403","AWP"
"742",1.6913160773596,2023,"0404","AWP"
"743",3.24051042780861,2023,"0405","AWP"
"744",2.09329725995166,2023,"0406","AWP"
"745",1.19097029842283,2023,"0407","AWP"
"746",1.29350120829338,2023,"0408","AWP"
"747",2.08810305937501,2023,"0409","AWP"
"748",1.76938349440053,2023,"0410","AWP"
"749",0.522633122989429,2023,"0411","AWP"
"750",0.748223041310751,2023,"0412","AWP"
"751",0.366487487956221,2023,"0413","AWP"
"752",0.743531902544492,2023,"0414","AWP"
"753",2.34189016352467,2023,"0415","AWP"
"754",0.867349408313296,2023,"0416","AWP"
"755",2.10600657405529,2023,"0417","AWP"
"756",1.15544448644466,2023,"0418","AWP"
"757",0.719440015549641,2023,"0419","AWP"
"758",1.70870051061371,2023,"0420","AWP"
"759",2.2274187892236,2023,"0421","AWP"
"760",3.17959191283633,2023,"0422","AWP"
"761",1.4287261238536,2023,"0423","AWP"
"762",1.76909853855535,2023,"0424","AWP"
"763",4.64859304946692,2023,"0425","AWP"
"764",2.31306515881411,2023,"0426","AWP"
"765",1.90229344815053,2023,"0427","AWP"
"766",6.73126303923434,2023,"0428","AWP"
"767",1.97179597980801,2023,"0429","AWP"
"768",1.85745860286802,2023,"0430","AWP"
"769",2.42834589118196,2023,"0431","AWP"
"770",2.46151895476203,2023,"0432","AWP"
"771",0.657598799350324,2023,"0501","AWP"
"772",2.35708554520196,2023,"0502","AWP"
"773",2.34385927142674,2023,"0503","AWP"
"774",1.7451307494082,2023,"0504","AWP"
"775",2.50625489164021,2023,"0505","AWP"
"776",3.14693499133872,2023,"0506","AWP"
"777",3.42579574174557,2023,"0507","AWP"
"778",0.84436873862793,2023,"0508","AWP"
"779",0.861389326410051,2023,"0509","AWP"
"780",1.99227870899742,2023,"0510","AWP"
"781",0.74615357348249,2023,"0511","AWP"
"782",1.78640033484064,2023,"0512","AWP"
"783",1.7155963730406,2023,"0513","AWP"
"784",2.78363906282075,2023,"0514","AWP"
"785",0.779193497608247,2023,"0515","AWP"
"786",0.310202939748534,2023,"0516","AWP"
"787",1.106329176007,2023,"0517","AWP"
"788",1.75411918421342,2023,"0518","AWP"
"789",1.81866153334525,2023,"0519","AWP"
"790",0.581518244522965,2023,"0520","AWP"
"791",3.09129687599788,2023,"0521","AWP"
"792",2.64100110831429,2023,"0522","AWP"
"793",1.06922895143433,2023,"0523","AWP"
"794",1.22774559521576,2023,"0524","AWP"
"795",0.511453881500566,2023,"0525","AWP"
"796",3.42329047535751,2023,"0526","AWP"
"797",1.36091050624147,2023,"0527","AWP"
"798",1.41411194856182,2023,"0528","AWP"
"799",1.96435291004399,2023,"0529","AWP"
"800",2.49164759676777,2023,"0530","AWP"
"801",2.63530970483485,2023,"0531","AWP"
"802",1.44805533666243,2023,"0532","AWP"
"803",1.88247442830016,2023,"0601","AWP"
"804",0.684520471749264,2023,"0602","AWP"
"805",2.07904087180976,2023,"0603","AWP"
"806",1.63771486948099,2023,"0604","AWP"
"807",1.83126997003974,2023,"0605","AWP"
"808",2.66700387707396,2023,"0606","AWP"
"809",2.8020243321194,2023,"0607","AWP"
"810",2.35855874642757,2023,"0608","AWP"
"811",1.04889476548492,2023,"0609","AWP"
"812",1.6001620699688,2023,"0610","AWP"
"813",1.73067426854969,2023,"0611","AWP"
"814",0.891085521579728,2023,"0612","AWP"
"815",1.63325070014543,2023,"0613","AWP"
"816",0.988980418949182,2023,"0614","AWP"
"817",1.8347584605611,2023,"0615","AWP"
"818",0.845496765682162,2023,"0616","AWP"
"819",2.14464565347864,2023,"0617","AWP"
"820",1.1593158791554,2023,"0618","AWP"
"821",1.4101165739246,2023,"0619","AWP"
"822",1.30833091175872,2023,"0620","AWP"
"823",0.926341881132918,2023,"0621","AWP"
"824",2.70654850966217,2023,"0622","AWP"
"825",1.98074708560653,2023,"0623","AWP"
"826",4.01114027673733,2023,"0624","AWP"
"827",4.08873100642124,2023,"0625","AWP"
"828",0.560415652518107,2023,"0626","AWP"
"829",4.71268073507951,2023,"0627","AWP"
"830",1.68626951627125,2023,"0628","AWP"
"831",3.19490565688732,2023,"0629","AWP"
"832",1.16321840361101,2023,"0630","AWP"
"833",0.593671059756285,2023,"0631","AWP"
"834",0.860464103136533,2023,"0632","AWP"
"835",2.68646733390183,2023,"0701","AWP"
"836",3.24230252196168,2023,"0702","AWP"
"837",1.40168438207279,2023,"0703","AWP"
"838",3.69560935650578,2023,"0704","AWP"
"839",2.30049544972115,2023,"0705","AWP"
"840",2.32666429553219,2023,"0706","AWP"
"841",1.9990868606423,2023,"0707","AWP"
"842",1.49416198389989,2023,"0708","AWP"
"843",3.75682277304017,2023,"0709","AWP"
"844",0.631524754584421,2023,"0710","AWP"
"845",1.04170338110387,2023,"0711","AWP"
"846",2.79874421603192,2023,"0712","AWP"
"847",3.23197150336528,2023,"0713","AWP"
"848",1.41682045329585,2023,"0714","AWP"
"849",0.275961187029543,2023,"0715","AWP"
"850",1.96573916089565,2023,"0716","AWP"
"851",0.934060266376601,2023,"0717","AWP"
"852",1.91936606974353,2023,"0718","AWP"
"853",2.75382882706642,2023,"0719","AWP"
"854",0.873298253766549,2023,"0720","AWP"
"855",1.92165482999958,2023,"0721","AWP"
"856",2.98364974052875,2023,"0722","AWP"
"857",0.949081024429942,2023,"0723","AWP"
"858",1.91584461067266,2023,"0724","AWP"
"859",1.66113927622978,2023,"0725","AWP"
"860",1.62604592832491,2023,"0726","AWP"
"861",2.39617660006251,2023,"0727","AWP"
"862",3.9734787727869,2023,"0728","AWP"
"863",1.86458580004372,2023,"0729","AWP"
"864",2.48736426993686,2023,"0730","AWP"
"865",0.358945473327895,2023,"0731","AWP"
"866",1.42150034637629,2023,"0732","AWP"
"867",1.159659132822,2023,"0801","AWP"
"868",1.92198580406062,2023,"0802","AWP"
"869",2.22526147651038,2023,"0803","AWP"
"870",3.18715843705264,2023,"0804","AWP"
"871",2.80568764866869,2023,"0805","AWP"
"872",1.38047261102698,2023,"0806","AWP"
"873",0.83475815469636,2023,"0807","AWP"
"874",1.71569351284776,2023,"0808","AWP"
"875",4.55220686441403,2023,"0809","AWP"
"876",1.88776079046073,2023,"0810","AWP"
"877",1.27469743293592,2023,"0811","AWP"
"878",0.728607429898723,2023,"0812","AWP"
"879",1.67329096712098,2023,"0813","AWP"
"880",1.30580285468067,2023,"0814","AWP"
"881",1.24717349858885,2023,"0815","AWP"
"882",1.02347278146599,2023,"0816","AWP"
"883",1.35244371556592,2023,"0817","AWP"
"884",1.34943691776032,2023,"0818","AWP"
"885",1.2846728861619,2023,"0819","AWP"
"886",3.29357543549142,2023,"0820","AWP"
"887",1.36153208193851,2023,"0821","AWP"
"888",2.34218755655517,2023,"0822","AWP"
"889",1.22991304530348,2023,"0823","AWP"
"890",2.86129176400818,2023,"0824","AWP"
"891",2.22748659447655,2023,"0825","AWP"
"892",2.60590536898176,2023,"0826","AWP"
"893",0.453356870763425,2023,"0827","AWP"
"894",2.32418446373419,2023,"0828","AWP"
"895",1.37136567379259,2023,"0829","AWP"
"896",2.1493802613524,2023,"0830","AWP"
"897",2.33685479269222,2023,"0831","AWP"
"898",1.47044598756932,2023,"0832","AWP"
"899",5.76486376279448,2023,"0901","AWP"
"900",2.42658130451951,2023,"0902","AWP"
"901",2.02007844272774,2023,"0903","AWP"
"902",1.0051126322175,2023,"0904","AWP"
"903",1.14863756086966,2023,"0905","AWP"
"904",2.47217539794796,2023,"0906","AWP"
"905",1.16435872126887,2023,"0907","AWP"
"906",1.37962414700429,2023,"0908","AWP"
"907",0.806441264042436,2023,"0909","AWP"
"908",3.40480907764245,2023,"0910","AWP"
"909",1.76584798116885,2023,"0911","AWP"
"910",1.00232005556221,2023,"0912","AWP"
"911",4.06588157264228,2023,"0913","AWP"
"912",2.902421413881,2023,"0914","AWP"
"913",1.20046049475108,2023,"0915","AWP"
"914",0.937827544403024,2023,"0916","AWP"
"915",2.97696098694756,2023,"0917","AWP"
"916",1.63459084917013,2023,"0918","AWP"
"917",1.73932203148733,2023,"0919","AWP"
"918",0.806851824437462,2023,"0920","AWP"
"919",3.5529738929007,2023,"0921","AWP"
"920",1.8364657868203,2023,"0922","AWP"
"921",1.68675194251866,2023,"0923","AWP"
"922",2.21181250063501,2023,"0924","AWP"
"923",1.81231765115081,2023,"0925","AWP"
"924",1.57462321319731,2023,"0926","AWP"
"925",3.47792390300556,2023,"0927","AWP"
"926",1.6503580480686,2023,"0928","AWP"
"927",1.11834933882989,2023,"0929","AWP"
"928",1.77720682208901,2023,"0930","AWP"
"929",1.31180127681431,2023,"0931","AWP"
"930",0.709356830720342,2023,"0932","AWP"
"931",1.11903840422843,2023,"1001","AWP"
"932",1.05686409600623,2023,"1002","AWP"
"933",3.33542239351552,2023,"1003","AWP"
"934",3.31249457400065,2023,"1004","AWP"
"935",3.30056337389657,2023,"1005","AWP"
"936",0.828551516474994,2023,"1006","AWP"
"937",2.01922664813404,2023,"1007","AWP"
"938",2.34968972966012,2023,"1008","AWP"
"939",2.12797174941595,2023,"1009","AWP"
"940",1.25483237075952,2023,"1010","AWP"
"941",2.13727755075536,2023,"1011","AWP"
"942",-0.0857034051577367,2023,"1012","AWP"
"943",2.56322414316416,2023,"1013","AWP"
"944",1.22364857189156,2023,"1014","AWP"
"945",0.964205518814805,2023,"1015","AWP"
"946",1.36763626922636,2023,"1016","AWP"
"947",0.911212080239762,2023,"1017","AWP"
"948",0.987128233962826,2023,"1018","AWP"
"949",1.5510035160114,2023,"1019","AWP"
"950",1.47618455582839,2023,"1020","AWP"
"951",1.58075926398536,2023,"1021","AWP"
"952",2.12657359110875,2023,"1022","AWP"
"953",2.08476672401858,2023,"1023","AWP"
"954",2.81348019843214,2023,"1024","AWP"
"955",1.83360573951028,2023,"1025","AWP"
"956",1.07434966241253,2023,"1026","AWP"
"957",2.225733770983,2023,"1027","AWP"
"958",3.22160676332335,2023,"1028","AWP"
"959",2.14584927041404,2023,"1029","AWP"
"960",2.46364742430807,2023,"1030","AWP"
"961",1.46482296672321,2023,"1031","AWP"
"962",2.69467730466662,2023,"1032","AWP"
"963",2.0283538492841,2023,"1101","AWP"
"964",2.16101816098023,2023,"1102","AWP"
"965",0.495956468874595,2023,"1103","AWP"
"966",1.86914780585959,2023,"1104","AWP"
"967",2.14925182199964,2023,"1105","AWP"
"968",1.96795857605333,2023,"1106","AWP"
"969",1.60320324311747,2023,"1107","AWP"
"970",2.23908836005732,2023,"1108","AWP"
"971",2.20817992199846,2023,"1109","AWP"
"972",2.59393854995836,2023,"1110","AWP"
"973",2.54052825472234,2023,"1111","AWP"
"974",3.06895129256417,2023,"1112","AWP"
"975",2.61047913617176,2023,"1113","AWP"
"976",2.50385538592529,2023,"1114","AWP"
"977",3.55981226819263,2023,"1115","AWP"
"978",0.964312852821885,2023,"1116","AWP"
"979",1.40667254711195,2023,"1117","AWP"
"980",1.82752767458961,2023,"1118","AWP"
"981",1.7168553534518,2023,"1119","AWP"
"982",3.14157870251903,2023,"1120","AWP"
"983",1.41579631897278,2023,"1121","AWP"
"984",2.30518910043955,2023,"1122","AWP"
"985",1.52080556600125,2023,"1123","AWP"
"986",1.93435326170038,2023,"1124","AWP"
"987",2.81212301119896,2023,"1125","AWP"
"988",1.79913719206441,2023,"1126","AWP"
"989",0.767132809183427,2023,"1127","AWP"
"990",2.27630339958354,2023,"1128","AWP"
"991",1.15865577315739,2023,"1129","AWP"
"992",2.65539795691715,2023,"1130","AWP"
"993",0.627119336376269,2023,"1131","AWP"
"994",0.611950090406319,2023,"1132","AWP"
"995",1.91881321244864,2023,"1201","AWP"
"996",2.72157469963413,2023,"1202","AWP"
"997",0.619046685892931,2023,"1203","AWP"
"998",3.63855081573512,2023,"1204","AWP"
"999",2.66235487672174,2023,"1205","AWP"
"1000",2.60398813246418,2023,"1206","AWP"
"1001",1.70209040382734,2023,"1207","AWP"
"1002",1.05684963456251,2023,"1208","AWP"
"1003",3.29328398462006,2023,"1209","AWP"
"1004",-1.64678688968076,2023,"1210","AWP"
"1005",2.25967310342369,2023,"1211","AWP"
"1006",1.53487381553012,2023,"1212","AWP"
"1007",4.64425991873115,2023,"1213","AWP"
"1008",0.599110992965809,2023,"1214","AWP"
"1009",2.6687239461228,2023,"1215","AWP"
"1010",1.26283150725586,2023,"1216","AWP"
"1011",1.74549205348068,2023,"1217","AWP"
"1012",2.70247430194963,2023,"1218","AWP"
"1013",2.12213889045713,2023,"1219","AWP"
"1014",5.9348578931612,2023,"1220","AWP"
"1015",1.78969488678124,2023,"1221","AWP"
"1016",4.51357329796644,2023,"1222","AWP"
"1017",2.47738752826991,2023,"1223","AWP"
"1018",2.53485540501525,2023,"1224","AWP"
"1019",1.00457934012762,2023,"1225","AWP"
"1020",2.37130797779422,2023,"1226","AWP"
"1021",2.14785978168843,2023,"1227","AWP"
"1022",1.83391347120645,2023,"1228","AWP"
"1023",1.45089151902842,2023,"1229","AWP"
"1024",2.09400984163047,2023,"1230","AWP"
"1025",1.46515075015486,2023,"1231","AWP"
"1026",1.66847373259834,2023,"1232","AWP"
"1027",1.37941336224681,2023,"1301","AWP"
"1028",2.97268940177901,2023,"1302","AWP"
"1029",2.4012478901655,2023,"1303","AWP"
"1030",1.3398919778627,2023,"1304","AWP"
"1031",1.46230077162527,2023,"1305","AWP"
"1032",2.32532933277395,2023,"1306","AWP"
"1033",0.496642307702932,2023,"1307","AWP"
"1034",1.82869044822491,2023,"1308","AWP"
"1035",3.69284701174274,2023,"1309","AWP"
"1036",2.98830218539965,2023,"1310","AWP"
"1037",2.56007830922932,2023,"1311","AWP"
"1038",2.17606710375993,2023,"1312","AWP"
"1039",3.67595780744723,2023,"1313","AWP"
"1040",4.31532287930065,2023,"1314","AWP"
"1041",1.42196846024481,2023,"1315","AWP"
"1042",2.12030155767004,2023,"1316","AWP"
"1043",1.44413473223006,2023,"1317","AWP"
"1044",2.37869810960808,2023,"1318","AWP"
"1045",2.53557625362979,2023,"1319","AWP"
"1046",1.83141575292863,2023,"1320","AWP"
"1047",3.01254249651266,2023,"1321","AWP"
"1048",2.55780715273908,2023,"1322","AWP"
"1049",3.23306966449012,2023,"1323","AWP"
"1050",0.69554360679664,2023,"1324","AWP"
"1051",3.38346213024676,2023,"1325","AWP"
"1052",1.23235569229718,2023,"1326","AWP"
"1053",1.99478161862869,2023,"1327","AWP"
"1054",1.01394929991906,2023,"1328","AWP"
"1055",2.37453607033734,2023,"1329","AWP"
"1056",1.72380779156496,2023,"1330","AWP"
"1057",1.71907468553025,2023,"1331","AWP"
"1058",0.588767969692124,2023,"1332","AWP"
"1059",3.33544081479888,2023,"1401","AWP"
"1060",0.517104398150062,2023,"1402","AWP"
"1061",2.87000076190438,2023,"1403","AWP"
"1062",1.26572882349618,2023,"1404","AWP"
"1063",2.88708199999143,2023,"1405","AWP"
"1064",1.21989943428438,2023,"1406","AWP"
"1065",3.23848886599836,2023,"1407","AWP"
"1066",2.28633628891212,2023,"1408","AWP"
"1067",1.12925877443454,2023,"1409","AWP"
"1068",4.10073997243745,2023,"1410","AWP"
"1069",3.11443693406574,2023,"1411","AWP"
"1070",2.5246258760749,2023,"1412","AWP"
"1071",3.09688307997624,2023,"1413","AWP"
"1072",1.48334051368936,2023,"1414","AWP"
"1073",1.56876475265177,2023,"1415","AWP"
"1074",1.57839612828925,2023,"1416","AWP"
"1075",2.50421175374278,2023,"1417","AWP"
"1076",1.64354749264443,2023,"1418","AWP"
"1077",1.33401811338809,2023,"1419","AWP"
"1078",1.76594946473746,2023,"1420","AWP"
"1079",2.68659644862816,2023,"1421","AWP"
"1080",2.4297297188178,2023,"1422","AWP"
"1081",1.50976739511037,2023,"1423","AWP"
"1082",0.995295108855346,2023,"1424","AWP"
"1083",1.16228110743554,2023,"1425","AWP"
"1084",1.89193767011848,2023,"1426","AWP"
"1085",1.49712528435023,2023,"1427","AWP"
"1086",2.24079785619472,2023,"1428","AWP"
"1087",1.53736813996595,2023,"1429","AWP"
"1088",1.52829366897451,2023,"1430","AWP"
"1089",1.66554918345307,2023,"1431","AWP"
"1090",1.94025735559148,2023,"1432","AWP"
"1091",3.57550640259441,2023,"1501","AWP"
"1092",2.95858936417455,2023,"1502","AWP"
"1093",2.12632882027162,2023,"1503","AWP"
"1094",3.92554797409842,2023,"1504","AWP"
"1095",3.33902732304733,2023,"1505","AWP"
"1096",1.65617379903232,2023,"1506","AWP"
"1097",2.95800685950655,2023,"1507","AWP"
"1098",2.83890057778019,2023,"1508","AWP"
"1099",2.35255782011876,2023,"1509","AWP"
"1100",1.48186430737979,2023,"1510","AWP"
"1101",1.84709531500603,2023,"1511","AWP"
"1102",3.07677825372521,2023,"1512","AWP"
"1103",2.18822075686573,2023,"1513","AWP"
"1104",2.80718845946206,2023,"1514","AWP"
"1105",1.22412456816523,2023,"1515","AWP"
"1106",1.93782075165329,2023,"1516","AWP"
"1107",2.8264336697906,2023,"1517","AWP"
"1108",1.19515808847323,2023,"1518","AWP"
"1109",1.93093403009311,2023,"1519","AWP"
"1110",3.24291830695017,2023,"1520","AWP"
"1111",0.346259730117451,2023,"1521","AWP"
"1112",3.22538914002022,2023,"1522","AWP"
"1113",1.51827037370852,2023,"1523","AWP"
"1114",1.44385734823794,2023,"1524","AWP"
"1115",0.929296703020345,2023,"1525","AWP"
"1116",1.00580172632642,2023,"1526","AWP"
"1117",2.60878633484187,2023,"1527","AWP"
"1118",0.305285723496482,2023,"1528","AWP"
"1119",1.0600912238689,2023,"1529","AWP"
"1120",2.02464428828374,2023,"1530","AWP"
"1121",2.0015179157496,2023,"1531","AWP"
"1122",1.69907917707033,2023,"1532","AWP"
"1123",0.340747485792588,2023,"1601","AWP"
"1124",1.52147420774806,2023,"1602","AWP"
"1125",2.50834257938019,2023,"1603","AWP"
"1126",3.39886236905287,2023,"1604","AWP"
"1127",3.357465696524,2023,"1605","AWP"
"1128",1.68633732677761,2023,"1606","AWP"
"1129",5.17532909473517,2023,"1607","AWP"
"1130",2.28902149044835,2023,"1608","AWP"
"1131",-0.311824744185471,2023,"1609","AWP"
"1132",1.00840914906597,2023,"1610","AWP"
"1133",1.37320136628441,2023,"1611","AWP"
"1134",2.6775881812617,2023,"1612","AWP"
"1135",1.6059420060184,2023,"1613","AWP"
"1136",2.25953622644327,2023,"1614","AWP"
"1137",0.818698592095564,2023,"1615","AWP"
"1138",3.76509355102056,2023,"1616","AWP"
"1139",1.31138030871068,2023,"1617","AWP"
"1140",2.56227552502731,2023,"1618","AWP"
"1141",1.36818514011948,2023,"1619","AWP"
"1142",1.00589090143788,2023,"1620","AWP"
"1143",1.82843548942467,2023,"1621","AWP"
"1144",1.87652331256226,2023,"1622","AWP"
"1145",3.48476010589807,2023,"1623","AWP"
"1146",1.90497584047503,2023,"1624","AWP"
"1147",1.71171838628323,2023,"1625","AWP"
"1148",2.00677746136724,2023,"1626","AWP"
"1149",2.63088977810797,2023,"1627","AWP"
"1150",1.31194830374988,2023,"1628","AWP"
"1151",2.74902125733658,2023,"1629","AWP"
"1152",2.71893179422986,2023,"1630","AWP"
"1153",1.02803581341814,2023,"1631","AWP"
"1154",1.62848983741672,2023,"1632","AWP"
"1155",0.410536236756633,2023,"1701","AWP"
"1156",2.24021516637097,2023,"1702","AWP"
"1157",2.89547785582606,2023,"1703","AWP"
"1158",2.57100937099973,2023,"1704","AWP"
"1159",2.03031702433897,2023,"1705","AWP"
"1160",3.19763293686881,2023,"1706","AWP"
"1161",0.932019908643127,2023,"1707","AWP"
"1162",3.91311486065902,2023,"1708","AWP"
"1163",2.44136327352433,2023,"1709","AWP"
"1164",2.75896194613776,2023,"1710","AWP"
"1165",3.13741384753763,2023,"1711","AWP"
"1166",2.59903278590914,2023,"1712","AWP"
"1167",0.702575896270386,2023,"1713","AWP"
"1168",1.36536077454767,2023,"1714","AWP"
"1169",1.65947159578276,2023,"1715","AWP"
"1170",1.43548849474333,2023,"1716","AWP"
"1171",1.21116268388264,2023,"1717","AWP"
"1172",1.05633537098334,2023,"1718","AWP"
"1173",1.91307235534377,2023,"1719","AWP"
"1174",0.680791387964101,2023,"1720","AWP"
"1175",0.910205490801924,2023,"1721","AWP"
"1176",0.908371915688039,2023,"1722","AWP"
"1177",1.281552946638,2023,"1723","AWP"
"1178",3.42473381672359,2023,"1724","AWP"
"1179",1.26636529265184,2023,"1725","AWP"
"1180",1.88444013530586,2023,"1726","AWP"
"1181",1.20699139632045,2023,"1727","AWP"
"1182",2.66900510541737,2023,"1728","AWP"
"1183",2.07061135359998,2023,"1729","AWP"
"1184",1.21031013410403,2023,"1730","AWP"
"1185",2.22738144769569,2023,"1731","AWP"
"1186",0.652198408946134,2023,"1732","AWP"
"1187",2.04716242359884,2023,"1801","AWP"
"1188",2.64094478865723,2023,"1802","AWP"
"1189",1.45925702807356,2023,"1803","AWP"
"1190",2.84089183099694,2023,"1804","AWP"
"1191",1.12857983450671,2023,"1805","AWP"
"1192",2.2186034749099,2023,"1806","AWP"
"1193",3.01850147305728,2023,"1807","AWP"
"1194",0.876912476615976,2023,"1808","AWP"
"1195",4.30578159785751,2023,"1809","AWP"
"1196",0.207964311332523,2023,"1810","AWP"
"1197",5.44436188676309,2023,"1811","AWP"
"1198",1.80725108103684,2023,"1812","AWP"
"1199",1.56947867942973,2023,"1813","AWP"
"1200",2.28418094989692,2023,"1814","AWP"
"1201",0.635023778301924,2023,"1815","AWP"
"1202",1.55785563599136,2023,"1816","AWP"
"1203",1.47958607217,2023,"1817","AWP"
"1204",3.20352679454721,2023,"1818","AWP"
"1205",3.31397773394029,2023,"1819","AWP"
"1206",1.17634761122139,2023,"1820","AWP"
"1207",1.76069983953467,2023,"1821","AWP"
"1208",2.42368086630289,2023,"1822","AWP"
"1209",2.77550839379558,2023,"1823","AWP"
"1210",0.994342747850071,2023,"1824","AWP"
"1211",1.77102004856666,2023,"1825","AWP"
"1212",2.64115003793428,2023,"1826","AWP"
"1213",1.53813305989001,2023,"1827","AWP"
"1214",1.10230606276033,2023,"1828","AWP"
"1215",1.2120388208011,2023,"1829","AWP"
"1216",1.99248628343362,2023,"1830","AWP"
"1217",1.49018253350854,2023,"1831","AWP"
"1218",0.505434737507232,2023,"1832","AWP"
"1219",0.525174599710077,2023,"1901","AWP"
"1220",4.56016635782822,2023,"1902","AWP"
"1221",0.750673941512607,2023,"1903","AWP"
"1222",3.29467863248076,2023,"1904","AWP"
"1223",2.03449349100515,2023,"1905","AWP"
"1224",3.10664863811615,2023,"1906","AWP"
"1225",2.64241232097375,2023,"1907","AWP"
"1226",1.65915736261487,2023,"1908","AWP"
"1227",5.17671025306126,2023,"1909","AWP"
"1228",3.16507116142746,2023,"1910","AWP"
"1229",0.779266626081926,2023,"1911","AWP"
"1230",1.55329721139904,2023,"1912","AWP"
"1231",1.13790083701715,2023,"1913","AWP"
"1232",2.71299312632308,2023,"1914","AWP"
"1233",4.6905355493272,2023,"1915","AWP"
"1234",1.52252586360812,2023,"1916","AWP"
"1235",3.36274847916673,2023,"1917","AWP"
"1236",1.32583164990007,2023,"1918","AWP"
"1237",1.37553180424463,2023,"1919","AWP"
"1238",0.871974955823235,2023,"1920","AWP"
"1239",2.98241121094156,2023,"1921","AWP"
"1240",2.48702921672558,2023,"1922","AWP"
"1241",0.9986034558402,2023,"1923","AWP"
"1242",1.35599833102334,2023,"1924","AWP"
"1243",1.90856187738679,2023,"1925","AWP"
"1244",2.71928065858418,2023,"1926","AWP"
"1245",0.81357538033574,2023,"1927","AWP"
"1246",0.38025050325487,2023,"1928","AWP"
"1247",1.73628996327438,2023,"1929","AWP"
"1248",1.95491685852246,2023,"1930","AWP"
"1249",1.1497006830184,2023,"1931","AWP"
"1250",1.70622503918804,2023,"1932","AWP"
"1251",2.87780634321173,2023,"2001","AWP"
"1252",3.57789564923426,2023,"2002","AWP"
"1253",2.60512054059774,2023,"2003","AWP"
"1254",2.59632508687396,2023,"2004","AWP"
"1255",3.3196251147023,2023,"2005","AWP"
"1256",2.57791105771828,2023,"2006","AWP"
"1257",0.379033561577569,2023,"2007","AWP"
"1258",1.99323504162815,2023,"2008","AWP"
"1259",2.18190517234018,2023,"2009","AWP"
"1260",2.77828851575216,2023,"2010","AWP"
"1261",2.07770265483473,2023,"2011","AWP"
"1262",1.72318462822785,2023,"2012","AWP"
"1263",2.50294575292026,2023,"2013","AWP"
"1264",3.07462296295568,2023,"2014","AWP"
"1265",2.19257580163265,2023,"2015","AWP"
"1266",3.17762891700026,2023,"2016","AWP"
"1267",2.49814941128566,2023,"2017","AWP"
"1268",1.50129075556667,2023,"2018","AWP"
"1269",0.980797312544184,2023,"2019","AWP"
"1270",1.48823335295818,2023,"2020","AWP"
"1271",3.04965026823042,2023,"2021","AWP"
"1272",2.04578076039998,2023,"2022","AWP"
"1273",2.21615162385995,2023,"2023","AWP"
"1274",1.37793771796418,2023,"2024","AWP"
"1275",2.11809334166819,2023,"2025","AWP"
"1276",1.59422759680696,2023,"2026","AWP"
"1277",1.03592093935336,2023,"2027","AWP"
"1278",3.08381566947288,2023,"2028","AWP"
"1279",2.91468926959592,2023,"2029","AWP"
"1280",0.982304670860582,2023,"2030","AWP"
"1281",1.03398748367827,2023,"2031","AWP"
"1282",0.862615159079432,2023,"2032","AWP"
